item1	item2	item3	item4	item5	item6
津田左右吉の国民思想論と地方伝承 	早川万年	美濃加茂市民ミュージアム紀要	21	21-01	 2022-03
美濃加茂市北野遺跡の細石核関連資料 −吉田英敏氏収集資料から−	川合剛	美濃加茂市民ミュージアム紀要	21	21-02	 2022-03
加茂・可児の古代寺院 −その出現と背景−	渡邉博人	美濃加茂市民ミュージアム紀要	21	21-03	 2022-03
硯からみた尾崎遺跡	磯谷祐子	美濃加茂市民ミュージアム紀要	21	21-04	 2022-03
研究ノート 「蜂屋柿に関する覚え書」	井戸幸一	美濃加茂市民ミュージアム紀要	21	21-05	 2022-03
ふるさとの大気水象と天気を探る	鹿野 勘次	美濃加茂市民ミュージアム紀要	21	21-06	 2022-03
瑞林寺蔵「仏涅槃図」と加茂郡の遺例	岩屋孝志	美濃加茂市民ミュージアム紀要	21	21-07	 2022-03
美濃太田駅で販売されていた駅弁（1）掛紙がもたらす資料としての魅力	岩屋孝志	美濃加茂市民ミュージアム紀要	21	21-08	 2022-03
美濃太田駅で販売されていた駅弁（2）調査ノート「創業者・磯谷ひさについて」	福住広美	美濃加茂市民ミュージアム紀要	21	21-09	 2022-03
展示報告 2021 年度 夏季展覧会「だいすき、虫!−身近な昆虫たちの世界」展 人の目を通して見た昆虫の魅力	西尾円	美濃加茂市民ミュージアム紀要	21	21-10	 2022-03
岐阜県可茂地域の瑞浪層群から産出する樹幹	鹿野勘次	美濃加茂市民ミュージアム紀要	20	20-01	 2021-03
尾崎遺跡本館地区出土の須恵器甕類について	磯谷祐子	美濃加茂市民ミュージアム紀要	20	20-02	 2021-03
加茂野の古代−古墳時代を中心に−	渡邉博人	美濃加茂市民ミュージアム紀要	20	20-03	 2021-03
2020年の常設展示室「もよう替え」〜展示品の先の世界へいざなう〜	可児光生	美濃加茂市民ミュージアム紀要	20	20-04	 2021-03
学習指導要領の改訂に合わせた学習教材の開発−みのかもすごろくの作成に関わって−	石田真未	美濃加茂市民ミュージアム紀要	20	20-05	 2021-03
文化の森で学んだ子どもたちの「その後」−「 小学6年生アンケート」「二十歳へのアンケート」調査結果から−	甲斐規予子	美濃加茂市民ミュージアム紀要	20	20-06	 2021-03
岐阜大学コレクション展（2019年度）とその後	藤村俊	美濃加茂市民ミュージアム紀要	20	20-07	 2021-03
坪内逍遙の日記から−ふるさとの人との交流−	西尾円	美濃加茂市民ミュージアム紀要	20	20-08	 2021-03
墨伝う思い−書を通して知る文人　坪内逍遙	和歌由花	美濃加茂市民ミュージアム紀要	20	20-09	 2021-03
尾崎遺跡出土の須恵器𤭯について	磯谷祐子	美濃加茂市民ミュージアム紀要	19	19-01	 2020-03
美濃加茂市仲迫間遺跡出土の美濃国刻印須恵器	渡邉博人	美濃加茂市民ミュージアム紀要	19	19-02	 2020-03
資料紹介『求友會雜誌』と棚橋源太郎について	西尾円	美濃加茂市民ミュージアム紀要	19	19-03	 2020-03
尾崎遺跡出土須恵器高坏補遺	磯谷祐子	美濃加茂市民ミュージアム紀要	18	18-01	 2019-03
美濃加茂市山之上町佐口地内採集須恵器について	渡邉博人	美濃加茂市民ミュージアム紀要	18	18-02	 2019-03
岐阜県可児地域の中新統・平牧層の軽石質凝灰岩層にみられる樹幹化石および砕屑岩脈	鹿野勘次	美濃加茂市民ミュージアム紀要	18	18-03	 2019-03
美濃加茂市民ミュージアムに収蔵された魚類液浸標本：1989-2018年	伊藤玄・松本佳大・近藤湧生・安藤志郎	美濃加茂市民ミュージアム紀要	18	18-04	 2019-03
瑞林寺の選仏堂について	杉野丞	美濃加茂市民ミュージアム紀要	18	18-05	 2019-03
今渡発電所建設工事に関わる地域の動向-内務省に出された歎願書を中心に-	可児光生	美濃加茂市民ミュージアム紀要	18	18-06	 2019-03
絵を通してみる坪内逍遙	和歌由花	美濃加茂市民ミュージアム紀要	18	18-07	 2019-03
岐阜県可児地域に分布する平牧層の含巨礫凝灰岩層	鹿野勘次	美濃加茂市民ミュージアム紀要	17	17-01	 2018-03
美濃加茂地域の地形・地質と地名の関係について	鹿野勘次・水野敬	美濃加茂市民ミュージアム紀要	17	17-02	 2018-03
美濃加茂市川合町の古墳出土須恵器とその背景	渡邉博人	美濃加茂市民ミュージアム紀要	17	17-03	 2018-03
尾崎遺跡25号住居址出土資料について	磯谷祐子	美濃加茂市民ミュージアム紀要	17	17-04	 2018-03
森金次郎 -その家族と親友・有賀好風	西尾円	美濃加茂市民ミュージアム紀要	17	17-05	 2018-03
「文化の森コレクション展」展示資料について	可児光生	美濃加茂市民ミュージアム紀要	17	17-06	 2018-03
美濃加茂地域の自然災害と地名 −危険地名を読み解き減災の道を探る−	鹿野勘次・水野敬	美濃加茂市民ミュージアム紀要	16	16-01	 2017-03
尾崎遺跡出土須恵器高坏	磯谷祐子	美濃加茂市民ミュージアム紀要	16	16-02	 2017-03
美濃加茂市域を中心とした「飛騨街道」〜平成28年度企画展「起点・飛騨街道」展に関連して	可児光生・渡辺祐子	美濃加茂市民ミュージアム紀要	16	16-03	 2017-03
佐野一彦資料目録（著作原稿の部）	渡辺祐子・可児光生	美濃加茂市民ミュージアム紀要	15	15-01	 2016-03
渡辺和郎の地方文芸活動について	桜田幸世	美濃加茂市民ミュージアム紀要	15	15-02	 2016-03
旧伊深村役場現状調査	溝口正人・向口武志	美濃加茂市民ミュージアム紀要	14	14-01	 2015-03
尾崎遺跡出土須恵器台付?とその周辺	磯谷祐子	美濃加茂市民ミュージアム紀要	14	14-02	 2015-03
昭和20年代の美濃加茂の青年たちの活動−「月刊青年学級だより」（創刊号）と機関誌『若い蜂屋』から	西尾円	美濃加茂市民ミュージアム紀要	14	14-03	 2015-03
好奇心と博物館㈰フォレスタくらぶでの子どもの姿から	石田真未	美濃加茂市民ミュージアム紀要	14	14-04	 2015-03
好奇心と博物館㈪美濃加茂市児童生徒　科学作品展・社会科作品展における「みのかも文化の森賞」受賞者の姿から	長谷川明子	美濃加茂市民ミュージアム紀要	14	14-05	 2015-03
好奇心と博物館㈫美濃加茂市伝承料理の会「特別講座」の活動を中心に	林悦子・可児光生	美濃加茂市民ミュージアム紀要	14	14-06	 2015-03
好奇心と博物館㈬講座・展覧会を通じて	藤村俊	美濃加茂市民ミュージアム紀要	14	14-07	 2015-03
2013年8月23日美濃加茂市で発生したダウンバースト	鹿野勘次	美濃加茂市民ミュージアム紀要	13	13-01	 2014-03
加茂の文化遺産探訪を通じて	藤村俊	美濃加茂市民ミュージアム紀要	13	13-02	 2014-03
「郊外」犬山と木曽川 〜大正から昭和を中心に	可児光生	美濃加茂市民ミュージアム紀要	13	13-03	 2014-03
安藤正義コレクションの紹介	齋藤基生	美濃加茂市民ミュージアム紀要	12	12-01	 2013-03
木曾川渡船に関する研究（三）	村瀬英彦	美濃加茂市民ミュージアム紀要	12	12-02	 2013-03
「生活絵巻」が動き出すとき	可児光生・渡辺祐子	美濃加茂市民ミュージアム紀要	12	12-03	 2013-03
美濃加茂市川合町採集の下呂石転石	齋藤基生	美濃加茂市民ミュージアム紀要	11	11-01	 2012-03
津田左右吉幼少期の教養形成の環境について	可児光生	美濃加茂市民ミュージアム紀要	11	11-02	 2012-03
「身近な自然についての不思議」を「展示」する	西尾円	美濃加茂市民ミュージアム紀要	11	11-03	 2012-03
岡本一平「新水や空　俳優の部」	菊地由花	美濃加茂市民ミュージアム紀要	11	11-04	 2012-03
段丘砂礫中の下呂石	齋藤基生	美濃加茂市民ミュージアム紀要	10	10-01	 2011-03
「日本ライン」下りの歴史	可児光生	美濃加茂市民ミュージアム紀要	10	10-02	 2011-03
「川の思い出」調査の概要と「同2010」事業の報告	藤村俊	美濃加茂市民ミュージアム紀要	10	10-03	 2011-03
木曾川渡船に関する研究（二）	村瀬英彦	美濃加茂市民ミュージアム紀要	10	10-04	 2011-03
連鎖と潜在力〜美濃加茂市民ミュージアムの10年とこれから	可児光生	美濃加茂市民ミュージアム紀要	9	09-01	  2010-03
みのかも文化の森における学校活用の内容の変化について	西尾円	美濃加茂市民ミュージアム紀要	9	09-02	  2010-03
地域のミュージアムができること−地域再発見プログラム事業から−	藤村俊	美濃加茂市民ミュージアム紀要	9	09-03	  2010-03
［史料紹介］木曽川渡船に関する研究（一）	村瀬英彦	美濃加茂市民ミュージアム紀要	9	09-04	  2010-03
逍遙と『早稲田文学が目指したもの』（講演録）	中島国彦	美濃加茂市民ミュージアム紀要	8	08-01	  2009-03
大矢峻嶺　はがき、封書について（研究ノート）	菊地由花	美濃加茂市民ミュージアム紀要	8	08-02	  2009-03
「禮物軌式」にみる「枝柿」「美濃柿」「甘干柿」について（史料紹介）	可児光生	美濃加茂市民ミュージアム紀要	8	08-03	  2009-03
夏休みの科学作品・社会科作品における博物館の利用について	西尾円・藤村俊	美濃加茂市民ミュージアム紀要	7	07-01	  2008-03
尾崎遺跡における古墳時代後期の須恵器	藤村俊	美濃加茂市民ミュージアム紀要	7	07-02	  2008-03
中山道太田宿の研究　三 	カモ地域史研究会	美濃加茂市民ミュージアム紀要	7	07-03	  2008-03
美濃加茂市に生息する天然記念物「ネコギギ」について		美濃加茂市民ミュージアム紀要	6	06-01	  2007-03
川浦川におけるネコギギとの出会い	安藤志郎	美濃加茂市民ミュージアム紀要	6	06-02	  2007-03
美濃加茂市における天然記念物ネコギギの生態研究と保全	渡辺勝敏	美濃加茂市民ミュージアム紀要	6	06-03	  2007-03
美濃加茂市の文化財保護行政における天然記念物ネコギギの保護経緯と現状	村瀬英彦	美濃加茂市民ミュージアム紀要	6	06-04	  2007-03
鑑賞教材としてのアート・ゲームの作成	辻泰秀	美濃加茂市民ミュージアム紀要	6	06-05	  2007-03
アート・ゲームによる鑑賞活動の実践	辻泰秀	美濃加茂市民ミュージアム紀要	6	06-06	  2007-03
敗戦直後の混乱と津田左右吉の『皇室論』	鈴木瑞枝	美濃加茂市民ミュージアム紀要	6	06-07	  2007-03
中山道太田宿の研究　二	カモ地域史研究会	美濃加茂市民ミュージアム紀要	6	06-08	  2007-03
天明期以後における「太田の渡し」の渡河地点の変遷について	村瀬英彦	美濃加茂市民ミュージアム紀要	6	06-09	  2007-03
大矢峻嶺　製作年代について−落款印章の調査から−	菊池由佳	美濃加茂市民ミュージアム紀要	6	06-10	  2007-03
「みのかも文化の森」における子どもワークショップ	辻泰秀	美濃加茂市民ミュージアム紀要	5	05-01	  2006-03
可児市柿田の東海環状自動車道工事で産出した植物化石	伊奈治行・鹿野勘次	美濃加茂市民ミュージアム紀要	5	05-02	  2006-03
尾崎遺跡出土の弥生時代から古墳時代前期の土器	磯谷祐子	美濃加茂市民ミュージアム紀要	5	05-03	  2006-03
博物館実習生からみた美濃加茂市民ミュージアムの現状と今後	実習生	美濃加茂市民ミュージアム紀要	5	05-04	  2006-03
中山道太田宿の研究　１	カモ地域史研究会	美濃加茂市民ミュージアム紀要	5	05-05	  2006-03
［研究ノート］加茂地域の円空仏について	杉浦綾子	美濃加茂市民ミュージアム紀要	5	05-06	  2006-03
［史料紹介］天明２年（1782）加茂郡太田村絵図に関する一考察	村瀬英彦	美濃加茂市民ミュージアム紀要	5	05-07	  2006-03
寄贈された“林魁一コレクション”−資料の来歴が判明する資料を中心として−	藤村俊・杉浦綾子	美濃加茂市民ミュージアム紀要	4	04-01	  2005-03
「博学連携」ここからはじまる−2004年度「博学連携フォーラム」報告−	西尾円	美濃加茂市民ミュージアム紀要	4	04-02	  2005-03
津田事件と十三通の手紙	鈴木瑞枝	美濃加茂市民ミュージアム紀要	4	04-03	  2005-03
美濃加茂市蜂屋地区の領有の変遷	林英雄	美濃加茂市民ミュージアム紀要	4	04-04	  2005-03
可児郡御嵩町より新たに確認されたゾウ化石について	川合康司	美濃加茂市民ミュージアム紀要	3	03-01	  2004-03
尾崎遺跡出土の須恵器鍋について	磯谷祐子	美濃加茂市民ミュージアム紀要	3	03-02	  2004-03
尾崎遺跡における古墳時代後期土師器煮炊具について	藤村俊	美濃加茂市民ミュージアム紀要	3	03-03	  2004-03
加茂神社の総合研究　三	カモ地域史研究会	美濃加茂市民ミュージアム紀要	3	03-04	  2004-03
坂祝神社と三加茂	鈴木重喜	美濃加茂市民ミュージアム紀要	3	03-05	  2004-03
歴史資料としての棟札	長沼毅	美濃加茂市民ミュージアム紀要	3	03-06	  2004-03
［史料篇］坂祝神社棟札　坂祝神社由緒記・大正期		美濃加茂市民ミュージアム紀要	3	03-07	  2004-03
［資料紹介］　津田左右吉関係資料「辞令類」	林英雄	美濃加茂市民ミュージアム紀要	3	03-08	  2004-03
岐阜県美濃加茂盆地の下部中新統・瑞浪層群のフィッション・トラック年代	鹿野勘次	美濃加茂市民ミュージアム紀要	2	02-01	  2003-03
加茂野地区における鈴木秀保氏採集資料の紹介	齋藤基生	美濃加茂市民ミュージアム紀要	2	02-02	  2003-03
講演録「戸籍が語る702年の『ミノ』と『カモ』」	新川登亀男	美濃加茂市民ミュージアム紀要	2	02-03	  2003-03
美濃加茂市太田地区の支配の変遷と土地利用	林英雄	美濃加茂市民ミュージアム紀要	2	02-04	  2003-03
加茂神社の総合研究　二 	カモ地域史研究会	美濃加茂市民ミュージアム紀要	2	02-05	  2003-03
蜂屋加茂明神社と社家栗山家	鈴木重喜	美濃加茂市民ミュージアム紀要	2	02-06	  2003-03
［史料紹介］加茂神社棟札 旧社家栗山家文書		美濃加茂市民ミュージアム紀要	2	02-07	  2003-03
何をめざそうとしていたか−市民ミュージアム設立までの17年間−	可児光生	美濃加茂市民ミュージアム紀要	1	01-01	  2002-03
彫刻の街とミュージアム−ワークショップの記録−	市原有紀子	美濃加茂市民ミュージアム紀要	1	01-02	  2002-03
市民ミュージアムにおける広報活動	西尾円	美濃加茂市民ミュージアム紀要	1	01-03	  2002-03
「夢の如くに」逍遙の過ごした太田時代	村瀬英彦	美濃加茂市民ミュージアム紀要	1	01-04	  2002-03
加茂神社の総合研究	カモ地域史研究会	美濃加茂市民ミュージアム紀要	1	01-05	  2002-03
名古屋藩による神社改訂調査と加茂県主社	鈴木重	美濃加茂市民ミュージアム紀要	1	01-06	  2002-03
県主神社の社家−和田主税の「いしぶみ」について−	佐光篤	美濃加茂市民ミュージアム紀要	1	01-07	  2002-03